<configuration>

    <!-- We only print to the console (stdout) by default using the following format -->
    <appender name="logcat" class="ch.qos.logback.classic.android.LogcatAppender">
        <encoder>
            <pattern>%d{HH:mm:ss.SSS} [%thread] %-5level %logger{36} - %msg%n</pattern>
        </encoder>
    </appender>

    <!-- Logging is set to info by default for our console logger -->
    <root level="info">
        <appender-ref ref="logcat"/>
    </root>

    <!-- You can either set logging level for whole packages -->
    <logger name="org.hexworks.zircon" level="warn"/>
    <logger name="org.hexworks.cobalt" level="warn"/>

    <!-- Or individual classes -->
    <logger name="org.hexworks.zircon.api.component.Button" level="warn"/>
    <logger name="com.collectibleArmy.game.InitiativeEngine" level="warn"/>

</configuration>
